{"id":"HyTtgvuGW","localVersion":"2.0.3","path":"~/Local Sites/programs-sandbox","domain":"programs-sandbox.dev","name":"Programs Sandbox","environment":"custom","devMode":false,"container":"6bb9c5933c14cb337d268e11565a7a0a6f5b1166d48d95420985ceef583fdd23","phpVersion":"5.3.29","webServer":"nginx","mysqlVersion":"5.6","mysql":{"database":"local","user":"root","password":"root"},"ports":{"HTTP":4004,"HTTPS":4005,"MYSQL":4006,"MAILCATCHER":4007},"environmentVersion":"1.2","sslSHA1":"AEDEF9B769CC27138D0160972ECD5D4AB28B2A8C"}